Format Version,1.23,Take Name,Take 2022-05-03 11.57.42 AM,Take Notes,,Capture Frame Rate,120.000000,Export Frame Rate,120.000000,Capture Start Time,2022-05-03 11.57.43.018 AM,Capture Start Frame,291474,Total Frames in Take,369,Total Exported Frames,369,Rotation Type,Quaternion,Length Units,Millimeters,Coordinate Space,Global

,Type,Marker,Marker,Marker,Marker,Marker,Marker,Marker,Marker,Marker,Marker,Marker,Marker,Marker,Marker,Marker,Marker,Marker,Marker,Marker,Marker,Marker,Marker,Marker,Marker,Marker,Marker,Marker,Marker,Marker,Marker,Marker,Marker,Marker,Marker,Marker,Marker
,Name,Unlabeled 1000,Unlabeled 1000,Unlabeled 1000,Unlabeled 1001,Unlabeled 1001,Unlabeled 1001,Unlabeled 1002,Unlabeled 1002,Unlabeled 1002,Unlabeled 1003,Unlabeled 1003,Unlabeled 1003,Unlabeled 1004,Unlabeled 1004,Unlabeled 1004,Unlabeled 1005,Unlabeled 1005,Unlabeled 1005,Unlabeled 1006,Unlabeled 1006,Unlabeled 1006,Unlabeled 1007,Unlabeled 1007,Unlabeled 1007,Unlabeled 1008,Unlabeled 1008,Unlabeled 1008,Unlabeled 1009,Unlabeled 1009,Unlabeled 1009,Unlabeled 1010,Unlabeled 1010,Unlabeled 1010,Unlabeled 1011,Unlabeled 1011,Unlabeled 1011
,ID,"C4F60","C4F60","C4F60","C5410","C5410","C5410","C5BD0","C5BD0","C5BD0","C8880","C8880","C8880","C8C10","C8C10","C8C10","C53A0","C53A0","C53A0","C8C20","C8C20","C8C20","C8C30","C8C30","C8C30","C8C40","C8C40","C8C40","C8C50","C8C50","C8C50","C8C60","C8C60","C8C60","C8C70","C8C70","C8C70"
,,Position,Position,Position,Position,Position,Position,Position,Position,Position,Position,Position,Position,Position,Position,Position,Position,Position,Position,Position,Position,Position,Position,Position,Position,Position,Position,Position,Position,Position,Position,Position,Position,Position,Position,Position,Position
Frame,Time (Seconds),X,Y,Z,X,Y,Z,X,Y,Z,X,Y,Z,X,Y,Z,X,Y,Z,X,Y,Z,X,Y,Z,X,Y,Z,X,Y,Z,X,Y,Z,X,Y,Z
0,0.000000,-3640.266846,201.148865,2685.014404,1732.785645,167.257660,265.492859,1103.231689,60.627342,1283.137451,,,,,,,,,,,,,,,,,,,,,,,,,,,
1,0.008000,-3640.279053,201.164078,2685.071045,1732.799561,167.258606,265.496063,1103.225220,60.648052,1283.103760,1902.672241,-454.596039,110.344353,-5666.534180,3675.928711,-3700.320312,,,,,,,,,,,,,,,,,,,,,
2,0.016000,-3640.236572,201.157547,2685.026611,,,,1103.232544,60.659451,1283.126953,,,,-5666.588379,3675.957520,-3700.326172,,,,,,,,,,,,,,,,,,,,,
3,0.025000,-3640.267334,201.074005,2685.032471,,,,1103.184692,60.616375,1283.122070,,,,-5666.589355,3675.949951,-3700.332520,,,,,,,,,,,,,,,,,,,,,
4,0.033000,-3640.240234,201.082245,2685.014160,1732.795776,167.223816,265.466034,1103.176392,60.619347,1283.120972,1902.637329,-454.590088,110.330330,,,,,,,,,,,,,,,,,,,,,,,,
5,0.041000,-3640.278320,201.104309,2685.049316,,,,1103.251343,60.648537,1283.111084,,,,,,,,,,,,,,,,,,,,,,,,,,,
6,0.050000,-3640.281006,201.204544,2685.034424,1732.757324,167.200378,265.481354,1103.212158,60.658096,1283.137329,,,,,,,,,,,,,,,,,,,,,,,,,,,
7,0.058000,-3640.271484,201.132660,2685.009277,,,,1103.199707,60.623535,1283.105957,,,,,,,,,,,,,,,,,,,,,,,,,,,
8,0.066000,-3640.276611,201.133026,2685.045898,1732.805786,167.194794,265.464813,1103.232422,60.613106,1283.128052,,,,-5666.555176,3675.924805,-3700.324707,,,,,,,,,,,,,,,,,,,,,
9,0.075000,-3640.266357,201.143738,2685.042969,,,,1103.209717,60.659050,1283.163818,,,,-5666.583984,3675.951416,-3700.332031,,,,,,,,,,,,,,,,,,,,,
10,0.083000,-3640.282471,201.118042,2685.051025,,,,1103.191040,60.603088,1283.131470,,,,,,,,,,,,,,,,,,,,,,,,,,,
11,0.091000,-3640.244873,201.086548,2684.999268,1732.805542,167.282028,265.463440,1103.217651,60.617317,1283.126831,,,,,,,,,,,,,,,,,,,,,,,,,,,
12,0.100000,-3640.267334,201.134384,2684.992920,1732.780518,167.266998,265.489594,1103.207397,60.621620,1283.111084,,,,-5666.554688,3675.919434,-3700.322266,,,,,,,,,,,,,,,,,,,,,
13,0.108000,-3640.277832,201.157272,2685.039551,1732.811890,167.242386,265.475433,1103.167725,60.631577,1283.140381,,,,-5666.579590,3675.917725,-3700.342041,,,,,,,,,,,,,,,,,,,,,
14,0.116000,-3640.294434,201.152802,2685.053467,1732.795410,167.245255,265.479767,1103.214600,60.632103,1283.118530,,,,-5666.567383,3675.922363,-3700.331299,,,,,,,,,,,,,,,,,,,,,
15,0.125000,-3640.265381,201.098801,2685.031250,1732.790283,167.232483,265.493286,1103.172485,60.597420,1283.110352,,,,,,,,,,,,,,,,,,,,,,,,,,,
16,0.133000,-3640.283691,201.152115,2685.009766,,,,1103.217407,60.629005,1283.120361,,,,-5666.541992,3675.923340,-3700.331787,,,,,,,,,,,,,,,,,,,,,
17,0.141000,-3640.279785,201.189240,2685.057129,,,,1103.199707,60.647541,1283.110352,,,,-5666.546875,3675.908447,-3700.335693,,,,,,,,,,,,,,,,,,,,,
18,0.150000,-3640.265625,201.180344,2685.042236,1732.781860,167.236450,265.504242,1103.214844,60.647728,1283.111084,,,,-5666.555664,3675.911377,-3700.339111,,,,,,,,,,,,,,,,,,,,,
19,0.158000,-3640.238525,201.061310,2685.039551,,,,1103.188354,60.605038,1283.123657,,,,,,,,,,,,,,,,,,,,,,,,,,,
20,0.166000,-3640.286133,201.050720,2685.032227,1732.792969,167.256241,265.478149,1103.157227,60.573429,1283.112183,,,,,,,,,,,,,,,,,,,,,,,,,,,
21,0.175000,-3640.310791,201.257294,2685.048340,1732.810425,167.218353,265.467285,1103.192871,60.622334,1283.139038,1902.649292,-454.582764,110.361427,,,,,,,,,,,,,,,,,,,,,,,,
22,0.183000,-3640.268555,201.186951,2685.038330,1732.807739,167.247665,265.453766,1103.216187,60.641556,1283.081543,,,,-5666.567383,3675.942871,-3700.340088,,,,,,,,,,,,,,,,,,,,,
23,0.191000,-3640.281738,201.134735,2684.978271,1732.796387,167.221634,265.488739,1103.211792,60.627670,1283.090576,1902.639282,-454.592834,110.314072,-5666.573242,3675.953857,-3700.345947,,,,,,,,,,,,,,,,,,,,,
24,0.200000,-3640.263916,201.123596,2684.989502,,,,1103.188477,60.609936,1283.137573,,,,,,,,,,,,,,,,,,,,,,,,,,,
25,0.208000,-3640.260986,201.139389,2685.060303,,,,1103.207886,60.625038,1283.129395,,,,,,,,,,,,,,,,,,,,,,,,,,,
26,0.216000,-3640.270264,201.193512,2685.052490,,,,1103.238281,60.656158,1283.124512,,,,,,,,,,,,,,,,,,,,,,,,,,,
27,0.225000,-3640.236084,201.071320,2684.975342,1732.789062,167.224533,265.483124,1103.174683,60.610413,1283.132080,,,,,,,,,,,,,,,,,,,,,,,,,,,
28,0.233000,-3640.263428,201.060501,2685.012451,,,,1103.184448,60.602745,1283.130859,,,,,,,,,,,,,,,,,,,,,,,,,,,
29,0.241000,-3640.284668,201.131409,2685.066650,1732.775269,167.235611,265.498993,1103.220947,60.635876,1283.121460,,,,,,,,,,,,,,,,,,,,,,,,,,,
30,0.250000,-3640.258789,201.129608,2685.031250,,,,1103.197632,60.631516,1283.169556,1902.660767,-454.643433,110.311806,,,,,,,,,,,,,,,,,,,,,,,,
31,0.258000,-3640.275879,201.112335,2685.025635,1733.368408,166.589478,265.449768,1103.213013,60.615147,1283.128296,,,,-5666.535156,3675.915527,-3700.327881,,,,,,,,,,,,,,,,,,,,,
32,0.266000,-3640.244629,201.127411,2684.993164,1733.383789,167.460129,265.987244,1103.188599,60.614250,1283.145020,,,,-5666.540527,3675.924805,-3700.319336,,,,,,,,,,,,,,,,,,,,,
33,0.275000,-3640.275146,201.104340,2685.080811,,,,1103.170654,60.588600,1283.126831,,,,,,,,,,,,,,,,,,,,,,,,,,,
34,0.283000,-3640.291992,201.110794,2685.048096,,,,1103.177368,60.610226,1283.141479,,,,,,,,,,,,,,,,,,,,,,,,,,,
35,0.291000,-3640.295898,201.111359,2685.032227,,,,1103.226685,60.652367,1283.139771,,,,-5666.568359,3675.930176,-3700.323486,,,,,,,,,,,,,,,,,,,,,
36,0.300000,-3640.291016,201.169724,2685.047119,,,,1103.211914,60.657860,1283.118408,1902.661133,-454.599640,110.321045,,,,,,,,,,,,,,,,,,,,,,,,
37,0.308000,-3640.253662,201.113022,2685.057129,,,,1103.226929,60.621124,1283.121094,,,,-5666.521973,3675.910889,-3700.312500,,,,,,,,,,,,,,,,,,,,,
38,0.316000,-3640.277344,201.061981,2685.013184,,,,1103.185425,60.611481,1283.132324,,,,,,,,,,,,,,,,,,,,,,,,,,,
39,0.325000,-3640.251709,201.020950,2685.033691,1732.789673,167.236206,265.496552,1103.161133,60.578583,1283.151245,,,,-5666.588379,3675.944824,-3700.338623,,,,,,,,,,,,,,,,,,,,,
40,0.333000,-3640.261475,201.135956,2685.047852,,,,1103.175537,60.640842,1283.127563,,,,-5666.562988,3675.915527,-3700.328857,,,,,,,,,,,,,,,,,,,,,
41,0.341000,-3640.276611,201.207672,2685.052246,1733.348022,166.634003,265.461761,1103.234497,60.704632,1283.104736,,,,-5666.550293,3675.919434,-3700.322754,,,,,,,,,,,,,,,,,,,,,
42,0.350000,-3640.243408,201.061005,2684.998535,,,,1103.184570,60.630081,1283.124390,,,,,,,,,,,,,,,,,,,,,,,,,,,
43,0.358000,-3640.258545,201.009216,2684.994873,,,,1103.241821,60.623676,1283.073730,,,,-5666.603027,3675.935791,-3700.331543,,,,,,,,,,,,,,,,,,,,,
44,0.366000,-3640.300293,201.145386,2685.063232,1732.805908,167.228012,265.476593,1103.231567,60.680988,1283.091797,,,,-5666.561035,3675.911865,-3700.324219,,,,,,,,,,,,,,,,,,,,,
45,0.375000,-3640.298584,201.253052,2685.077393,,,,1103.220703,60.662628,1283.151978,,,,-5666.561035,3675.921387,-3700.319824,,,,,,,,,,,,,,,,,,,,,
46,0.383000,-3640.237061,201.115265,2685.052734,,,,1103.187500,60.690781,1283.096191,,,,-5666.632324,3675.984375,-3700.352783,,,,,,,,,,,,,,,,,,,,,
47,0.391000,-3640.220459,200.986359,2685.006348,1732.812744,167.242508,265.482758,1103.167236,60.603779,1283.090454,,,,-5666.602539,3675.941650,-3700.328369,,,,,,,,,,,,,,,,,,,,,
48,0.400000,-3640.231445,201.035446,2685.021729,,,,1103.192993,60.596703,1283.122070,,,,-5666.592773,3675.938965,-3700.336670,,,,,,,,,,,,,,,,,,,,,
49,0.408000,-3640.279541,201.250122,2685.044922,,,,1103.168945,60.667084,1283.142578,1902.690186,-454.625854,110.318039,-5666.573242,3675.930420,-3700.335693,,,,,,,,,,,,,,,,,,,,,
50,0.416000,-3640.295898,201.280899,2685.060059,,,,1103.208008,60.680439,1283.154663,1902.687622,-454.672302,110.311623,-5666.586914,3675.936279,-3700.331787,,,,,,,,,,,,,,,,,,,,,
51,0.425000,-3640.250732,201.100464,2685.022461,,,,1103.208984,60.620308,1283.111938,,,,-5666.595215,3675.935791,-3700.322998,,,,,,,,,,,,,,,,,,,,,
52,0.433000,-3640.260254,201.014236,2684.980469,,,,1103.174927,60.620651,1283.106445,,,,-5666.611328,3675.948486,-3700.334717,,,,,,,,,,,,,,,,,,,,,
53,0.441000,-3640.303467,201.184647,2685.029053,1732.814453,167.206940,265.491547,1103.205566,60.629658,1283.124268,,,,-5666.568359,3675.923340,-3700.314453,-5715.518066,3665.459473,-3627.250732,,,,,,,,,,,,,,,,,,
54,0.450000,-3640.329102,201.290787,2685.089355,,,,1103.230713,60.673595,1283.147583,,,,-5666.587402,3675.941895,-3700.325684,,,,,,,,,,,,,,,,,,,,,
55,0.458000,-3640.289795,201.158310,2685.028076,,,,1103.244629,60.678974,1283.099487,1902.656128,-454.643829,110.305740,-5666.575195,3675.913574,-3700.322998,,,,,,,,,,,,,,,,,,,,,
56,0.466000,-3640.270508,200.992737,2684.990723,,,,1103.224609,60.626114,1283.082886,,,,-5666.605957,3675.934814,-3700.336182,,,,,,,,,,,,,,,,,,,,,
57,0.475000,-3640.252686,201.089737,2684.971436,1732.791504,167.230698,265.485138,1103.180664,60.593605,1283.116821,,,,-5666.570312,3675.908936,-3700.323486,,,,,,,,,,,,,,,,,,,,,
58,0.483000,-3640.284180,201.217102,2685.036621,,,,1103.238403,60.691910,1283.127441,,,,-5666.615723,3675.950195,-3700.341064,,,,,,,,,,,,,,,,,,,,,
59,0.491000,-3640.319336,201.247482,2685.027100,,,,1103.221924,60.688988,1283.122803,,,,-5666.636230,3675.957764,-3700.341064,,,,,,,,,,,,,,,,,,,,,
60,0.500000,-3640.271240,201.013092,2684.973633,1732.803589,167.259079,265.477264,1103.189819,60.635685,1283.093750,,,,-5666.601562,3675.916260,-3700.331787,,,,,,,,,,,,,,,,,,,,,
61,0.508000,-3640.229736,201.015656,2685.012939,1732.794312,167.242584,265.507874,1103.228516,60.632824,1283.061401,,,,-5666.601562,3675.933838,-3700.330078,-5715.541016,3665.474365,-3627.259033,,,,,,,,,,,,,,,,,,
62,0.516000,-3640.237549,201.201660,2685.050049,,,,1103.236938,60.716274,1283.105469,,,,-5666.614746,3675.934570,-3700.342529,,,,,,,,,,,,,,,,,,,,,
63,0.525000,-3640.318604,201.261765,2685.061768,,,,1103.212402,60.702087,1283.129883,,,,-5666.602539,3675.899414,-3700.343262,,,,,,,,,,,,,,,,,,,,,
64,0.533000,-3640.245361,201.057129,2685.010010,1732.781982,167.247086,265.452545,1103.280029,60.682632,1283.058960,,,,-5666.624512,3675.936035,-3700.337402,,,,,,,,,,,,,,,,,,,,,
65,0.541000,-3640.213623,201.032043,2684.980225,1732.767090,167.243210,265.483215,1103.172119,60.606804,1283.095825,,,,-5666.629395,3675.947510,-3700.329590,,,,,,,,,,,,,,,,,,,,,
66,0.550000,-3640.271729,201.172058,2685.087402,,,,1103.190186,60.662865,1283.157227,,,,-5666.634766,3675.936279,-3700.348877,,,,,,,,,,,,,,,,,,,,,
67,0.558000,-3640.288818,201.206207,2685.066650,1732.791016,167.248535,265.492035,1103.212646,60.722488,1283.101440,1902.655762,-454.664459,110.331688,-5666.639648,3675.929688,-3700.345947,-5715.554199,3665.480225,-3627.276855,,,,,,,,,,,,,,,,,,
68,0.566000,-3640.253174,201.073563,2685.027832,1732.780151,167.219986,265.474304,1103.197632,60.661366,1283.130127,,,,-5666.637207,3675.936279,-3700.348145,,,,,,,,,,,,,,,,,,,,,
69,0.575000,-3640.221680,201.022324,2685.024658,,,,1103.184570,60.645821,1283.102905,,,,-5666.661621,3675.962158,-3700.360352,,,,,,,,,,,,,,,,,,,,,
70,0.583000,-3640.245361,201.128571,2685.003906,,,,1103.212646,60.676262,1283.113892,,,,-5666.618164,3675.916992,-3700.335693,-5715.525879,3665.447021,-3627.258057,,,,,,,,,,,,,,,,,,
71,0.591000,-3640.273438,201.224045,2685.025635,1732.782959,167.227524,265.474854,1103.218994,60.701878,1283.086182,,,,-5666.639648,3675.929932,-3700.346436,,,,,,,,,,,,,,,,,,,,,
72,0.600000,-3640.254395,201.121872,2685.008301,1732.786377,167.236862,265.463898,1103.203247,60.663582,1283.105103,,,,-5666.646973,3675.943359,-3700.338379,,,,,,,,,,,,,,,,,,,,,
73,0.608000,-3640.271729,201.093353,2685.004395,,,,1103.248413,60.698826,1283.061157,,,,-5666.625488,3675.921631,-3700.344238,,,,,,,,,,,,,,,,,,,,,
74,0.616000,-3640.313232,201.167130,2685.052002,,,,1103.182373,60.663666,1283.092651,,,,-5666.681152,3675.973145,-3700.354492,,,,,,,,,,,,,,,,,,,,,
75,0.625000,-3640.302979,201.170151,2685.047607,1732.787231,167.191422,265.461090,1103.206177,60.656784,1283.104126,,,,,,,-5715.558105,3665.486816,-3627.268799,,,,,,,,,,,,,,,,,,
76,0.633000,-3640.266602,201.115845,2685.023193,1732.796387,167.194901,265.467682,1103.190918,60.660904,1283.097290,1902.679321,-454.649811,110.291512,-5666.641113,3675.933350,-3700.349609,,,,,,,,,,,,,,,,,,,,,
77,0.641000,-3640.300293,201.192825,2685.008301,,,,1103.184814,60.692776,1283.114990,1902.674683,-454.605804,110.295692,,,,,,,,,,,,,,,,,,,,,,,,
78,0.650000,-3640.278076,201.176102,2685.058105,,,,1103.225220,60.670494,1283.127075,,,,-5666.642090,3675.929688,-3700.341064,,,,,,,,,,,,,,,,,,,,,
79,0.658000,-3640.239746,201.107956,2685.038818,1732.788696,167.214401,265.466431,1103.197144,60.647720,1283.121826,,,,-5666.639160,3675.928711,-3700.346436,,,,,,,,,,,,,,,,,,,,,
80,0.666000,-3640.236816,201.086533,2685.021729,,,,1103.206787,60.671776,1283.110596,,,,,,,,,,,,,,,,,,,,,,,,,,,
81,0.675000,-3640.276855,201.164780,2685.020020,,,,1103.207031,60.687065,1283.117310,1902.660278,-454.645142,110.294907,-5666.632324,3675.928955,-3700.352783,,,,,,,,,,,,,,,,,,,,,
82,0.683000,-3640.276367,201.239685,2685.093262,1732.799683,167.195435,265.475342,1103.208618,60.703312,1283.123657,,,,,,,,,,,,,,,,,,,,,,,,,,,
83,0.691000,-3640.281982,201.158203,2685.056641,,,,1103.222900,60.670765,1283.086670,,,,,,,,,,,,,,,,,,,,,,,,,,,
84,0.700000,-3640.254395,201.090515,2684.989502,,,,1103.226196,60.646057,1283.063232,,,,-5666.625488,3675.920898,-3700.341553,,,,,,,,,,,,,,,,,,,,,
85,0.708000,-3640.270020,201.093887,2685.010010,,,,1103.169800,60.617676,1283.077148,,,,-5666.614258,3675.914062,-3700.337891,,,,,,,,,,,,,,,,,,,,,
86,0.716000,-3640.290527,201.239609,2685.090088,1732.795288,167.267303,265.457794,1103.218872,60.682846,1283.091919,1902.662476,-454.645142,110.300575,-5666.610840,3675.918457,-3700.339844,,,,,,,,,,,,,,,,,,,,,
87,0.725000,-3640.298584,201.202148,2685.056641,1732.819946,167.284790,265.442017,1103.177612,60.639500,1283.137085,,,,,,,,,,,,,,,,,,,,,,,,,,,
88,0.733000,-3640.324707,201.129364,2685.027588,1732.805420,167.200653,265.465210,1103.189453,60.639957,1283.090210,,,,,,,,,,,,,,,,,,,,,,,,,,,
89,0.741000,-3640.275635,201.094635,2685.003662,,,,1103.182129,60.611683,1283.092407,,,,-5666.619141,3675.927246,-3700.348633,,,,,,,,,,,,,,,,,,,,,
90,0.750000,-3640.300049,201.154053,2685.063232,1732.786011,167.236954,265.473450,1103.213867,60.664295,1283.106323,,,,-5666.636230,3675.946533,-3700.347900,,,,,,,,,,,,,,,,,,,,,
91,0.758000,-3640.309814,201.255096,2685.047852,,,,1103.168213,60.684895,1283.132202,,,,,,,,,,,,,,,,,,,,,,,,,,,
92,0.766000,-3640.348145,201.187592,2685.056641,,,,1103.203003,60.685318,1283.090210,,,,,,,,,,,,,,,,,,,,,,,,,,,
93,0.775000,-3640.268311,201.092422,2684.993896,,,,1103.188599,60.639381,1283.081909,1902.666992,-454.630951,110.290260,,,,,,,,,,,,,,,,,,,,,,,,
94,0.783000,-3640.302734,201.182251,2685.052002,1732.779541,167.216095,265.432434,1103.185059,60.640068,1283.100708,,,,-5666.661133,3675.969727,-3700.363525,,,,,,,,,,,,,,,,,,,,,
95,0.791000,-3640.353516,201.226639,2685.046387,,,,1103.206665,60.693619,1283.088623,1902.672485,-454.601715,110.288994,,,,,,,,,,,,,,,,,,,,,,,,
96,0.800000,-3640.289307,201.157745,2685.045654,,,,1103.248413,60.692429,1283.089722,1902.687500,-454.586945,110.315262,,,,,,,,,,,,,,,,,,,,,,,,
97,0.808000,-3640.288574,201.138519,2685.038574,,,,1103.186890,60.600876,1283.107056,,,,-5666.624023,3675.932861,-3700.352539,,,,,,,,,,,,,,,,,,,,,
98,0.816000,-3640.297852,201.167068,2685.024902,1732.812988,167.221115,265.465546,1103.200928,60.644005,1283.131104,,,,,,,,,,,,,,,,,,,,,,,,,,,
99,0.825000,-3640.305176,201.161209,2685.026611,1732.787720,167.263336,265.473114,1103.174316,60.635567,1283.161865,,,,,,,,,,,,,,,,,,,,,,,,,,,
100,0.833000,-3640.316650,201.228943,2685.084473,1732.796509,167.201233,265.457062,1103.205566,60.687294,1283.096680,,,,,,,,,,,,,,,,,,,,,,,,,,,
101,0.841000,-3640.331055,201.212479,2685.055664,1732.801758,167.202255,265.461395,1103.191650,60.636806,1283.107544,,,,-5666.654785,3675.964355,-3700.359375,,,,,,,,,,,,,,,,,,,,,
102,0.850000,-3640.315430,201.130569,2685.033203,1732.798096,167.204636,265.483612,1103.227661,60.646294,1283.111816,,,,-5666.645996,3675.960449,-3700.354004,,,,,,,,,,,,,,,,,,,,,
103,0.858000,-3640.333984,201.167755,2685.033691,1732.786621,167.220032,265.470245,1103.192993,60.660828,1283.117432,,,,,,,,,,,,,,,,,,,,,,,,,,,
104,0.866000,-3640.266602,201.102203,2685.008301,,,,1103.183472,60.621296,1283.121460,,,,-5666.643555,3675.949463,-3700.353760,,,,,,,,,,,,,,,,,,,,,
105,0.875000,-3640.282227,201.129013,2685.043457,1732.819214,167.211578,265.480774,1103.230347,60.652969,1283.134277,1902.665039,-454.620392,110.270920,-5666.600586,3675.922852,-3700.333008,,,,,,,,,,,,,,,,,,,,,
106,0.883000,-3640.341064,201.167816,2685.029053,,,,1103.191162,60.636833,1283.142578,,,,-5666.636719,3675.946289,-3700.352051,,,,,,,,,,,,,,,,,,,,,
107,0.891000,-3640.290771,201.188889,2685.008301,,,,1103.201416,60.652725,1283.104858,,,,,,,,,,,,,,,,,,,,,,,,,,,
108,0.900000,-3640.315918,201.178558,2685.031250,,,,1103.138550,60.588360,1283.121826,,,,-5666.627930,3675.928955,-3700.348633,,,,,,,,,,,,,,,,,,,,,
109,0.908000,-3640.325439,201.125000,2685.019775,,,,1103.223145,60.668468,1283.085815,,,,-5666.646973,3675.948730,-3700.351562,,,,,,,,,,,,,,,,,,,,,
110,0.916000,-3640.314209,201.099579,2685.024902,,,,1103.172607,60.617298,1283.101685,,,,,,,,,,,,,,,,,,,,,,,,,,,
111,0.925000,-3640.321289,201.150238,2685.056641,1732.832520,167.257675,265.474396,1103.213989,60.678719,1283.113770,,,,-5666.649902,3675.949951,-3700.346191,,,,,,,,,,,,,,,,,,,,,
112,0.933000,-3640.284424,201.121231,2685.051270,,,,1103.175903,60.643013,1283.095825,,,,-5666.653809,3675.955078,-3700.344971,,,,,,,,,,,,,,,,,,,,,
113,0.941000,-3640.289307,201.109329,2684.989014,1732.765381,167.208252,265.490723,1103.173950,60.618057,1283.117310,,,,-5666.660645,3675.954590,-3700.357178,,,,,,,,,,,,,,,,,,,,,
114,0.950000,-3640.278809,201.104523,2685.021729,,,,1103.182983,60.622810,1283.126221,,,,,,,,,,,,,,,,,,,,,,,,,,,
115,0.958000,-3640.305664,201.199844,2685.058838,1732.788452,167.229858,265.457367,1103.159424,60.671329,1283.138550,,,,-5666.689453,3675.979248,-3700.363037,,,,,,,,,,,,,,,,,,,,,
116,0.966000,-3640.299805,201.203979,2685.060303,1732.775269,167.231537,265.487671,1103.192139,60.664364,1283.129395,,,,-5666.625488,3675.925781,-3700.343750,,,,,,,,,,,,,,,,,,,,,
117,0.975000,-3640.282715,201.074600,2685.011230,1732.789307,167.212479,265.478699,1103.186890,60.639858,1283.106079,,,,-5666.641113,3675.936768,-3700.339844,,,,,,,,,,,,,,,,,,,,,
118,0.983000,-3640.302734,201.083191,2685.031006,,,,1103.192871,60.588470,1283.134277,1902.664185,-454.599792,110.284615,,,,,,,,,,,,,,,,,,,,,,,,
119,0.991000,-3640.293213,201.156815,2685.062744,,,,1103.191406,60.652798,1283.104736,,,,-5666.660156,3675.957031,-3700.346191,,,,,,,,,,,,,,,,,,,,,
120,1.000000,-3640.324219,201.231003,2685.081299,,,,1103.193481,60.668709,1283.133301,,,,-5666.675781,3675.959961,-3700.356934,,,,,,,,,,,,,,,,,,,,,
121,1.008000,-3640.311768,201.177719,2685.059326,,,,1103.169678,60.661152,1283.093262,,,,-5713.348145,3665.489746,-3630.178223,,,,,,,,,,,,,,,,,,,,,
122,1.016000,-3640.279541,201.094910,2685.019043,1732.781372,167.221619,265.463959,1103.169434,60.594379,1283.097778,,,,-5715.549805,3665.454834,-3627.280762,,,,,,,,,,,,,,,,,,,,,
123,1.024000,-3640.270752,201.134262,2685.013184,,,,1103.171143,60.625313,1283.109375,,,,-5715.303711,3665.084229,-3627.248047,,,,-5666.661133,3675.946777,-3700.347900,,,,,,,,,,,,,,,
124,1.033000,-3640.327393,201.194595,2685.062012,,,,1103.198486,60.667744,1283.099609,,,,,,,,,,,,,,,,,,,,,,,,,,,
125,1.041000,-3640.309082,201.130432,2685.075439,1732.788574,167.253281,265.476868,1103.161255,60.619621,1283.089478,1902.684692,-454.609009,110.269829,-5715.565918,3665.462402,-3627.271240,,,,,,,,,,,,,,,,,,,,,
126,1.050000,-3640.309326,201.153641,2684.994629,1732.790039,167.272507,265.474731,1103.138550,60.608269,1283.115112,,,,,,,,,,,,,,,,,,,,,,,,,,,
127,1.058000,-3640.276367,201.148941,2685.025146,1732.773071,167.215576,265.487274,1103.187378,60.628635,1283.111450,,,,,,,,,,,,,,,,,,,,,,,,,,,
128,1.066000,-3640.293945,201.189713,2685.093262,1732.784668,167.241409,265.482697,1103.199097,60.665459,1283.099609,,,,,,,,,,,,,,,,,,,,,,,,,,,
129,1.074000,-3640.284424,201.122986,2685.066895,,,,1103.179321,60.651279,1283.132935,,,,-5715.279785,3665.033936,-3627.253418,,,,,,,,,,,,,,,,,,,,,
130,1.083000,-3640.306396,201.136353,2685.028320,,,,1103.224609,60.668831,1283.068359,,,,,,,,,,,,,,,,,,,,,,,,,,,
131,1.091000,-3640.284424,201.147675,2685.033691,,,,1103.210083,60.664070,1283.099121,,,,,,,,,,,,,,,,,,,,,,,,,,,
132,1.100000,-3640.320557,201.235779,2685.042969,1732.790771,167.260941,265.492798,1103.194702,60.661793,1283.135132,,,,,,,,,,,,,,,,,,,,,,,,,,,
133,1.108000,-3640.324219,201.204803,2685.025879,1732.788330,167.253769,265.468384,1103.186768,60.652637,1283.115723,,,,-5715.555176,3665.471436,-3627.277588,,,,,,,,,,,,,,,,,,,,,
134,1.116000,-3640.331787,201.147263,2685.025635,1732.785645,167.235809,265.481384,1103.180542,60.603672,1283.117554,,,,,,,,,,-5666.680176,3675.941895,-3700.351074,,,,,,,,,,,,,,,
135,1.125000,-3640.314453,201.192673,2685.010986,,,,1103.156982,60.633423,1283.117798,,,,-5715.285156,3665.046631,-3627.262695,,,,,,,,,,,,,,,,,,,,,
136,1.133000,-3640.314209,201.181152,2685.052002,1732.813354,167.235855,265.480377,1103.177490,60.658249,1283.130615,,,,,,,,,,,,,,,,,,,,,,,,,,,
137,1.141000,-3640.306152,201.179611,2685.051758,1733.325317,166.649612,265.424866,1103.223022,60.657642,1283.081543,,,,-5715.545410,3665.455078,-3627.279297,,,,,,,,,,,,,,,,,,,,,
138,1.149000,-3640.335938,201.156570,2685.075195,,,,1103.200195,60.656559,1283.097046,1902.638794,-454.650452,110.290245,,,,,,,,,,,,,,,,,,,,,,,,
139,1.158000,-3640.294678,201.159180,2685.062500,,,,1103.173462,60.628616,1283.097046,,,,,,,,,,,,,,,,,,,,,,,,,,,
140,1.166000,-3640.325928,201.195938,2685.046631,,,,1103.206665,60.668041,1283.100586,,,,,,,,,,,,,,,,,,,,,,,,,,,
141,1.175000,-3640.287354,201.227539,2685.032959,1732.809937,167.225067,265.476959,1103.189819,60.652969,1283.095337,,,,,,,,,,,,,,,,,,,,,,,,,,,
142,1.183000,-3640.302490,201.177979,2685.064453,1732.804321,167.195251,265.480591,1103.210327,60.679176,1283.101196,,,,,,,,,,-5666.649414,3675.933350,-3700.355957,,,,,,,,,,,,,,,
143,1.191000,-3640.290527,201.104706,2685.039062,1732.822388,167.216690,265.476746,1103.206299,60.648907,1283.099854,,,,,,,,,,,,,,,,,,,,,,,,,,,
144,1.199000,-3640.313232,201.157455,2685.031006,1732.800537,167.203461,265.485413,1103.209229,60.694012,1283.120850,,,,-5715.586426,3665.500000,-3627.310303,,,,,,,,,,,,,,,,,,,,,
145,1.208000,-3640.289062,201.170471,2685.058350,,,,1103.187378,60.632099,1283.116821,,,,,,,,,,,,,,,,,,,,,,,,,,,
146,1.216000,-3640.265137,201.159668,2685.041748,,,,1103.204956,60.668949,1283.114990,,,,,,,,,,,,,,,,,,,,,,,,,,,
147,1.225000,-3640.285400,201.091583,2685.020996,,,,1103.169678,60.590027,1283.109863,,,,,,,,,,-5666.625000,3675.919922,-3700.349609,,,,,,,,,,,,,,,
148,1.233000,-3640.292236,201.097931,2685.021973,1732.817871,167.188965,265.478485,1103.205566,60.626419,1283.092407,,,,,,,,,,,,,,,,,,,,,,,,,,,
149,1.241000,-3640.280762,201.142349,2685.054932,,,,1103.222168,60.682552,1283.094971,,,,,,,,,,,,,,,,,,,,,,,,,,,
150,1.250000,-3640.328125,201.207397,2685.104004,,,,1103.174927,60.616730,1283.128540,,,,,,,,,,,,,,,,,,,,,,,,,,,
151,1.258000,-3640.250732,201.078369,2685.026367,,,,1103.193604,60.607918,1283.104126,,,,,,,,,,-5666.654785,3675.951416,-3700.370605,,,,,,,,,,,,,,,
152,1.266000,-3640.279785,201.088242,2685.030029,1732.796997,167.254547,265.458649,1103.220093,60.603603,1283.059814,1902.683228,-454.636047,110.276306,,,,,,,,,,,,,,,,,,,,,,,,
153,1.274000,-3640.278076,201.134079,2685.017090,,,,1103.189697,60.605988,1283.094849,,,,,,,,,,,,,,,,,,,,,,,,,,,
154,1.283000,-3640.356689,201.281601,2685.042480,,,,1103.164429,60.672623,1283.130249,,,,,,,,,,-5666.620605,3675.930664,-3700.354736,,,,,,,,,,,,,,,
155,1.291000,-3640.317139,201.139679,2685.031006,1732.820312,167.176910,265.460602,1103.173218,60.601025,1283.121216,,,,,,,,,,,,,,,,,,,,,,,,,,,
156,1.300000,-3640.274902,201.042831,2685.006348,,,,1103.203247,60.559273,1283.107788,,,,,,,,,,,,,,,,,,,,,,,,,,,
157,1.308000,-3640.303467,201.104797,2685.024658,1733.371338,166.630768,265.436096,1103.201294,60.580898,1283.122803,,,,,,,,,,,,,,,,,,,,,,,,,,,
158,1.316000,-3640.315918,201.223862,2685.024170,,,,1103.225708,60.669102,1283.133545,,,,,,,,,,-5666.595215,3675.918457,-3700.339600,,,,,,,,,,,,,,,
159,1.324000,-3640.304199,201.168365,2685.040527,,,,1103.179199,60.627071,1283.129272,,,,,,,,,,,,,,,,,,,,,,,,,,,
160,1.333000,-3640.289795,201.113861,2685.003906,1732.778564,167.203903,265.434204,1103.197266,60.621796,1283.087891,,,,,,,,,,,,,,,,,,,,,,,,,,,
161,1.341000,-3640.300781,201.098450,2684.993896,1733.323120,166.622498,265.436646,1103.215210,60.587646,1283.091919,,,,,,,,,,-5666.602051,3675.923828,-3700.346436,,,,,,,,,,,,,,,
162,1.350000,-3640.333984,201.243164,2685.017822,,,,1103.202148,60.661793,1283.092773,,,,,,,,,,-5666.585449,3675.921143,-3700.343262,,,,,,,,,,,,,,,
163,1.358000,-3640.326416,201.234116,2685.046631,,,,1103.147827,60.620937,1283.112671,,,,,,,,,,-5666.629395,3675.948730,-3700.358643,,,,,,,,,,,,,,,
164,1.366000,-3640.322021,201.156967,2685.026611,,,,1103.198975,60.656193,1283.067993,,,,,,,,,,,,,,,,,,,,,,,,,,,
165,1.375000,-3640.309082,201.076035,2684.981445,1732.786987,167.245941,265.450195,1103.211670,60.635208,1283.061523,,,,,,,,,,-5666.582520,3675.912109,-3700.339111,,,,,,,,,,,,,,,
166,1.383000,-3640.322754,201.155273,2685.042236,,,,1103.210449,60.642876,1283.102417,,,,,,,,,,-5666.584473,3675.918457,-3700.344482,,,,,,,,,,,,,,,
167,1.391000,-3640.324951,201.267441,2685.050537,,,,1103.219482,60.652962,1283.104858,,,,,,,,,,-5666.669922,3675.975342,-3700.368652,,,,,,,,,,,,,,,
168,1.399000,-3640.322754,201.271133,2685.030273,,,,1103.194336,60.651390,1283.110840,,,,,,,,,,,,,,,,,,,,,,,,,,,
169,1.408000,-3640.283203,201.122314,2684.996582,,,,1103.197998,60.605747,1283.110962,1902.689453,-454.666382,110.316238,,,,,,,-5666.612305,3675.950439,-3700.339600,,,,,,,,,,,,,,,
170,1.416000,-3640.271484,201.077652,2685.030762,1732.792847,167.229843,265.462280,1103.194946,60.618332,1283.078003,,,,,,,,,,-5666.625000,3675.937500,-3700.347168,,,,,,,,,,,,,,,
171,1.425000,-3640.310059,201.171997,2685.062012,1732.789062,167.225235,265.475464,1103.204956,60.641884,1283.102051,,,,,,,,,,,,,,,,,,,,,,,,,,,
172,1.433000,-3640.303711,201.243622,2685.040527,1732.792847,167.233994,265.479614,1103.233154,60.675869,1283.102051,,,,,,,,,,,,,,,,,,,,,,,,,,,
173,1.441000,-3640.290039,201.164810,2685.017822,1732.787598,167.230972,265.507751,1103.241333,60.636494,1283.094116,1902.663208,-454.656189,110.346245,,,,,,,-5666.660645,3675.976074,-3700.356934,,,,,,,,,,,,,,,
174,1.449000,-3640.311279,201.132828,2685.007812,1732.774780,167.200409,265.488556,1103.219971,60.626438,1283.091675,,,,,,,,,,-5666.668945,3675.975586,-3700.363525,,,,,,,,,,,,,,,
175,1.458000,-3640.330322,201.137848,2685.030762,,,,1103.226318,60.659084,1283.049072,,,,,,,,,,-5666.664551,3675.952881,-3700.362061,,,,,,,,,,,,,,,
176,1.466000,-3640.323730,201.178009,2685.036377,1732.776367,167.245483,265.473663,1103.180054,60.637672,1283.107422,,,,,,,,,,,,,,,,,,,,,,,,,,,
177,1.475000,-3640.319824,201.214310,2685.031738,,,,1103.232666,60.695766,1283.083496,1902.675171,-454.699341,110.309692,,,,,,,,,,,,,,,,,,,,,,,,
178,1.483000,-3640.270264,201.164246,2685.005371,,,,1103.198608,60.655254,1283.099976,,,,,,,,,,,,,,,,,,,,,,,,,,,
179,1.491000,-3640.274658,201.075470,2684.978027,1732.787842,167.222565,265.471252,1103.151367,60.530952,1283.131348,,,,,,,,,,-5714.599121,3665.700195,-3628.733887,,,,,,,,,,,,,,,
180,1.500000,-3640.286865,201.111786,2685.057861,1732.791870,167.180862,265.479614,1103.222412,60.665367,1283.101318,,,,,,,,,,-5715.598145,3665.509277,-3627.269775,,,,,,,,,,,,,,,
181,1.508000,-3640.283447,201.259811,2685.073730,,,,1103.192139,60.672230,1283.134521,,,,,,,,,,,,,,,,,,,,,,,,,,,
182,1.516000,-3640.282715,201.226288,2685.014648,,,,1103.197876,60.675919,1283.098145,,,,,,,,,,-5715.574707,3665.478760,-3627.258545,,,,,,,,,,,,,,,
183,1.524000,-3640.249512,201.093475,2684.983887,,,,1103.222168,60.679470,1283.060303,1902.690796,-454.690765,110.315384,,,,,,,-5715.581543,3665.486816,-3627.265869,,,,,,,,,,,,,,,
184,1.533000,-3640.250000,201.127014,2685.033203,1732.816406,167.262329,265.451843,1103.179932,60.612164,1283.095581,,,,,,,,,,,,,,,,,,,,,,,,,,,
185,1.541000,-3640.266846,201.201752,2685.074219,1732.794434,167.227036,265.501434,1103.179443,60.637638,1283.107300,1902.643921,-454.696747,110.317245,,,,,,,-5715.585938,3665.499756,-3627.261719,,,,,,,,,,,,,,,
186,1.550000,-3640.286377,201.190353,2685.077881,,,,1103.209473,60.667274,1283.105347,,,,,,,,,,-5715.218262,3665.409180,-3627.125244,,,,,,,,,,,,,,,
187,1.558000,-3640.246094,201.067673,2685.010254,1733.368774,166.663879,265.419769,1103.242798,60.663616,1283.078247,,,,,,,,,,-5715.583984,3665.491211,-3627.255615,,,,,,,,,,,,,,,
188,1.566000,-3640.235596,201.048080,2685.011230,,,,1103.176880,60.622005,1283.076660,,,,,,,,,,-5715.586426,3665.494141,-3627.267334,,,,,,,,,,,,,,,
189,1.575000,-3640.269531,201.189163,2685.046143,,,,1103.198486,60.671688,1283.111084,,,,,,,,,,-5715.218750,3664.959961,-3627.214600,,,,,,,,,,,,,,,
190,1.583000,-3640.274170,201.134155,2685.025879,1733.382324,167.527008,266.018280,1103.147339,60.613552,1283.112427,,,,,,,,,,-5715.285156,3665.011719,-3627.229248,,,,,,,,,,,,,,,
191,1.591000,-3640.307129,201.119339,2685.040283,,,,1103.213013,60.658947,1283.108032,,,,,,,,,,-5715.559570,3665.443115,-3627.259277,,,,,,,,,,,,,,,
192,1.600000,-3640.306885,201.120377,2685.027588,,,,1103.222412,60.642242,1283.106934,1902.677612,-454.638336,110.321846,,,,,,,-5715.583496,3665.481934,-3627.257324,,,,,,,,,,,,,,,
193,1.608000,-3640.300537,201.226562,2685.043457,1733.380737,167.551331,266.004822,1103.216675,60.667877,1283.103271,,,,,,,,,,-5715.565430,3665.474854,-3627.245117,,,,,,,,,,,,,,,
194,1.616000,-3640.305664,201.226074,2685.061768,,,,1103.224487,60.686054,1283.114502,,,,,,,,,,-5715.261230,3665.004150,-3627.220215,,,,,,,,,,,,,,,
195,1.625000,-3640.311768,201.144043,2685.038574,1733.384033,166.631073,265.420593,1103.234741,60.653091,1283.099243,1902.692017,-454.665833,110.343277,,,,,,,,,,,,,,,,,,,,,,,,
196,1.633000,-3640.324707,201.129959,2685.053467,,,,1103.190552,60.633408,1283.082764,,,,,,,,,,-5715.259277,3664.997070,-3627.230713,,,,,,,,,,,,,,,
197,1.641000,-3640.333252,201.193253,2685.059570,1732.787476,167.232422,265.482635,1103.177124,60.641472,1283.116699,,,,,,,,,,-5715.518555,3665.409668,-3627.243896,,,,,,,,,,,,,,,
198,1.649000,-3640.253662,201.227982,2685.036133,1732.776733,167.250168,265.482635,1103.202148,60.661335,1283.090820,,,,,,,,,,-5715.571777,3665.475098,-3627.263916,,,,,,,,,,,,,,,
199,1.658000,-3640.288574,201.117569,2685.013916,,,,1103.176636,60.621593,1283.085693,,,,,,,,,,,,,,,,,,,,,,,,,,,
200,1.666000,-3640.295898,201.140488,2685.015625,1733.366943,167.537872,266.014679,1103.174194,60.631786,1283.112305,,,,,,,,,,-5715.575684,3665.482666,-3627.276367,,,,,,,,,,,,,,,
201,1.675000,-3640.295654,201.226944,2685.073730,1732.770508,167.243668,265.492615,1103.218018,60.661316,1283.120850,,,,,,,,,,,,,,,,,,,,,,,,,,,
202,1.683000,-3640.285400,201.150436,2685.073730,,,,1103.210693,60.632015,1283.070801,,,,,,,,,,-5715.289551,3665.046631,-3627.252197,,,,,,,,,,,,,,,
203,1.691000,-3640.294922,201.092911,2685.016846,,,,1103.195801,60.614021,1283.108398,,,,,,,,,,,,,,,,,,,,,,,,,,,
204,1.700000,-3640.283203,201.152924,2684.984863,,,,1103.207275,60.653328,1283.085571,,,,,,,,,,,,,,,,,,,,,,,,,,,
205,1.708000,-3640.321045,201.280701,2685.097656,,,,1103.204346,60.653900,1283.098877,,,,,,,,,,,,,,,,,,,,,,,,,,,
206,1.716000,-3640.293457,201.241486,2685.062256,,,,1103.205444,60.640217,1283.093750,,,,,,,,,,-5667.646973,3675.741943,-3698.898438,,,,,,,,,,,,,,,
207,1.725000,-3640.305664,201.070724,2685.048584,,,,1103.217163,60.623764,1283.109985,,,,,,,,,,,,,,,,,,,,,,,,,,,
208,1.733000,-3640.303223,201.143036,2684.998535,,,,1103.229614,60.637840,1283.076050,,,,,,,,,,-5666.636719,3675.948975,-3700.355713,,,,,,,,,,,,,,,
209,1.741000,-3640.291748,201.220978,2685.061279,,,,1103.195557,60.648300,1283.089600,,,,,,,,,,-5666.669922,3675.985596,-3700.359131,,,,,,,,,,,,,,,
210,1.750000,-3640.325928,201.304016,2685.031250,1732.775879,167.245850,265.483063,1103.250977,60.714722,1283.083252,,,,,,,,,,-5666.703125,3676.010254,-3700.364014,,,,,,,,,,,,,,,
211,1.758000,-3640.311523,201.094528,2685.003662,1732.770020,167.223160,265.471222,1103.178955,60.635983,1283.098877,,,,,,,,,,,,,,,,,,,,,,,,,,,
212,1.766000,-3640.235840,201.126175,2685.007568,,,,1103.220581,60.627441,1283.071167,,,,,,,,,,-5666.645020,3675.981445,-3700.343750,,,,,,,,,,,,,,,
213,1.774000,-3640.292725,201.166122,2685.070312,,,,1103.227417,60.688667,1283.069702,,,,,,,,,,-5666.628906,3675.972412,-3700.339355,,,,,,,,,,,,,,,
214,1.783000,-3640.338623,201.257736,2685.057861,1732.777710,167.225098,265.490723,1103.222168,60.734383,1283.126221,,,,,,,,,,-5666.667480,3675.997314,-3700.358154,,,,,,,,,,,,,,,
215,1.791000,-3640.325928,201.178162,2685.041260,1733.336670,166.649872,265.443481,1103.213013,60.669918,1283.084229,,,,,,,,,,,,,1902.696045,-454.653961,110.297768,,,,,,,,,,,,
216,1.800000,-3640.264404,201.024597,2685.039795,1732.802246,167.237946,265.437347,1103.207520,60.607910,1283.065186,,,,,,,,,,-5666.650879,3676.005371,-3700.355957,,,,,,,,,,,,,,,
217,1.808000,-3640.296387,201.131485,2685.040771,1733.377930,167.530243,266.013855,1103.212402,60.654026,1283.084839,,,,,,,,,,-5666.609375,3675.974609,-3700.332031,1902.650513,-454.653503,110.336441,,,,,,,,,,,,
218,1.816000,-3640.283936,201.203705,2685.048340,,,,1103.205811,60.692696,1283.105469,,,,,,,,,,-5666.656738,3676.005859,-3700.346191,,,,,,,,,,,,,,,
219,1.825000,-3640.289062,201.198761,2685.024170,1732.801758,167.228577,265.481934,1103.193970,60.703995,1283.084351,,,,,,,,,,-5666.614746,3675.957031,-3700.332520,,,,,,,,,,,,,,,
220,1.833000,-3640.252441,201.087677,2685.029053,1732.788452,167.279877,265.465912,1103.203979,60.644939,1283.087402,,,,,,,,,,-5666.614258,3675.980469,-3700.340576,1902.676147,-454.660034,110.293831,,,,,,,,,,,,
221,1.841000,-3640.292725,201.090363,2685.022461,1732.793091,167.250687,265.496002,1103.206543,60.660580,1283.070190,,,,,,,,,,-5666.557129,3675.932373,-3700.316162,,,,,,,,,,,,,,,
222,1.850000,-3640.288330,201.149826,2685.048340,,,,1103.225220,60.647964,1283.061279,,,,,,,,,,-5666.610352,3675.964844,-3700.332031,,,,,,,,,,,,,,,
223,1.858000,-3640.249023,201.131042,2685.092529,,,,1103.226807,60.656090,1283.095581,,,,,,,,,,-5666.625977,3675.985840,-3700.342773,,,,,,,,,,,,,,,
224,1.866000,-3640.292725,201.182816,2685.047852,1732.785522,167.274994,265.503296,1103.210205,60.703041,1283.092773,,,,,,,,,,,,,,,,,,,,,,,,,,,
225,1.875000,-3640.293701,201.155014,2685.020996,1732.797607,167.274536,265.462830,1103.218506,60.653328,1283.092529,,,,,,,,,,,,,,,,,,,,,,,,,,,
226,1.883000,-3640.270996,201.111786,2685.046143,1732.814331,167.271606,265.459747,1103.198975,60.620026,1283.058960,,,,,,,,,,-5666.626465,3675.979492,-3700.346924,,,,,,,,,,,,,,,
227,1.891000,-3640.301270,201.150040,2685.074707,,,,1103.184937,60.648579,1283.102173,,,,,,,,,,-5666.601562,3675.962158,-3700.328125,,,,,,,,,,,,,,,
228,1.899000,-3640.321777,201.185928,2685.045166,1732.804688,167.228912,265.489380,1103.154419,60.650867,1283.136597,,,,,,,,,,-5666.584961,3675.954834,-3700.325684,,,,,,,,,,,,,,,
229,1.908000,-3640.280029,201.157730,2685.048096,,,,1103.187622,60.675426,1283.119629,,,,,,,,,,,,,,,,,,,,,,,,,,,
230,1.916000,-3640.272461,201.110641,2685.019287,1732.799561,167.242615,265.477020,1103.148804,60.604511,1283.116089,,,,,,,,,,-5666.629883,3675.986328,-3700.338867,,,,,,,,,,,,,,,
231,1.925000,-3640.287109,201.111496,2685.037598,1733.381592,167.561203,266.020782,1103.200439,60.637474,1283.104614,,,,,,,,,,-5666.597168,3675.950928,-3700.324707,,,,,,,,,,,,,,,
232,1.933000,-3640.311523,201.189545,2685.039795,,,,1103.163574,60.631863,1283.098389,,,,,,,,,,-5666.586426,3675.947266,-3700.323486,,,,,,,,,,,,,,,
233,1.941000,-3640.314209,201.178391,2685.068604,,,,1103.251953,60.705441,1283.053223,,,,,,,,,,-5666.583008,3675.948486,-3700.323486,,,,,,,,,,,,,,,
234,1.950000,-3640.265381,201.103516,2685.025635,1733.357544,166.595673,265.415894,1103.227905,60.656189,1283.101074,,,,,,,,,,-5666.660156,3675.986328,-3700.344727,,,,,,,,,,,,,,,
235,1.958000,-3640.250000,201.090744,2684.993408,,,,1103.208374,60.655960,1283.084839,,,,,,,,,,-5666.626953,3675.962891,-3700.335693,,,,,,,,,,,,,,,
236,1.966000,-3640.287354,201.106293,2685.065430,,,,1103.238647,60.661438,1283.049927,,,,,,,,,,-5666.608887,3675.961670,-3700.328857,,,,,,,,,,,,,,,
237,1.975000,-3640.280273,201.204300,2685.054443,1732.758301,167.211914,265.479218,1103.231812,60.662270,1283.081421,,,,,,,,,,-5666.633789,3675.967773,-3700.338379,,,,,,,,,,,,,,,
238,1.983000,-3640.317383,201.175354,2685.047119,1732.810425,167.222839,265.476746,1103.188843,60.633427,1283.080078,,,,,,,,,,-5666.652832,3675.966553,-3700.345215,,,,,,,,,,,,,,,
239,1.991000,-3640.320312,201.175735,2685.020752,,,,1103.173828,60.648132,1283.074951,,,,,,,,,,-5666.685547,3675.989258,-3700.348389,,,,-5715.524902,3665.443359,-3627.235596,,,,,,,,,
240,2.000000,-3640.279297,201.191788,2685.003662,,,,1103.180176,60.639977,1283.073730,,,,,,,,,,-5666.630371,3675.947021,-3700.329346,,,,-5715.207520,3664.955322,-3627.209229,,,,,,,,,
241,2.008000,-3640.257812,201.095596,2685.069824,1732.755493,167.237793,265.491119,1103.250122,60.647301,1283.045288,,,,,,,,,,-5666.684570,3675.993896,-3700.345459,,,,,,,,,,,,,,,
242,2.016000,-3640.317871,201.194412,2685.057373,1732.780518,167.234528,265.487885,1103.159302,60.636200,1283.142456,,,,,,,,,,-5666.687012,3675.982910,-3700.342285,,,,-5715.214844,3664.970215,-3627.206299,,,,,,,,,
243,2.024000,-3640.312744,201.206741,2685.033203,1732.777344,167.208130,265.518829,1103.216064,60.684200,1283.116577,,,,,,,,,,-5666.696777,3675.993652,-3700.348633,,,,-5715.513184,3665.406006,-3627.234375,,,,,,,,,
244,2.033000,-3640.268066,201.135071,2684.993408,1732.797485,167.246643,265.471619,1103.190918,60.623245,1283.103271,,,,,,,,,,-5666.701172,3675.995605,-3700.352783,,,,,,,,,,,,,,,
245,2.041000,-3640.264404,201.093521,2684.974365,1732.790527,167.192383,265.497650,1103.204590,60.649605,1283.097168,,,,,,,,,,-5666.712891,3675.990723,-3700.359619,,,,-5715.522949,3665.435059,-3627.228760,1902.687988,-454.622833,110.305878,,,,,,
246,2.049000,-3640.338867,201.245682,2685.008301,1733.314209,167.522125,265.963470,1103.170654,60.645210,1283.112183,,,,,,,,,,,,,,,,-5715.541992,3665.458496,-3627.239746,,,,,,,,,
247,2.058000,-3640.339355,201.268494,2685.067383,,,,1103.195801,60.681461,1283.089111,,,,,,,,,,,,,,,,,,,,,,,,,,,
248,2.066000,-3640.299316,201.146378,2685.020020,,,,1103.228882,60.634758,1283.078491,,,,,,,,,,,,,,,,-5715.566406,3665.481445,-3627.253418,,,,,,,,,
249,2.075000,-3640.276123,201.074600,2684.965332,1732.774658,167.214844,265.462799,1103.246338,60.585381,1283.111206,,,,,,,,,,,,,,,,-5715.540527,3665.450195,-3627.238525,,,,,,,,,
250,2.083000,-3640.351807,201.262802,2685.010742,1732.785889,167.227371,265.465912,1103.176880,60.617195,1283.134766,,,,,,,,,,,,,,,,-5715.560059,3665.473633,-3627.245117,,,,,,,,,
251,2.091000,-3640.298828,201.306488,2685.090576,,,,1103.221191,60.678730,1283.111084,,,,,,,,,,-5666.725586,3676.001221,-3700.352539,,,,-5715.275879,3665.036621,-3627.222900,1902.685181,-454.623810,110.318726,,,,,,
252,2.100000,-3640.294434,201.119537,2685.050049,,,,1103.225098,60.658337,1283.088623,,,,,,,,,,,,,,,,-5715.546387,3665.464355,-3627.238770,1902.667603,-454.640900,110.309540,,,,,,
253,2.108000,-3640.313232,201.020844,2685.007812,,,,1103.209839,60.632011,1283.098877,,,,,,,,,,,,,,,,-5715.541504,3665.448486,-3627.244629,,,,,,,,,
254,2.116000,-3640.349609,201.181290,2685.001221,,,,1103.202026,60.652195,1283.112427,,,,,,,,,,,,,,,,-5715.281250,3665.033447,-3627.229248,1902.680542,-454.589142,110.303276,,,,,,
255,2.125000,-3640.292969,201.246567,2685.085693,,,,1103.188477,60.666561,1283.104858,,,,,,,,,,,,,,,,,,,,,,,,,,,
256,2.133000,-3640.295654,201.186523,2685.032715,1732.780762,167.220367,265.488708,1103.184204,60.658089,1283.106079,,,,,,,,,,,,,,,,-5715.533203,3665.444824,-3627.247070,,,,,,,,,
257,2.141000,-3640.272949,201.011414,2684.977051,1732.795654,167.214706,265.481079,1103.196777,60.629665,1283.080444,,,,,,,,,,,,,,,,-5715.540527,3665.464355,-3627.250000,,,,,,,,,
258,2.149000,-3640.286133,201.076904,2685.005615,,,,1103.202026,60.595856,1283.065796,,,,,,,,,,,,,,,,-5715.579590,3665.483154,-3627.272217,1902.677246,-454.621948,110.304405,,,,,,
259,2.158000,-3640.263916,201.245193,2685.067139,,,,1103.228149,60.689308,1283.080811,,,,,,,,,,,,,,,,,,,,,,,,,,,
260,2.166000,-3640.321777,201.230255,2685.054932,1732.787231,167.218063,265.474701,1103.207275,60.676819,1283.100342,,,,,,,,,,,,,,,,,,,,,,,,,,,
261,2.174000,-3640.266846,201.078003,2684.989990,1732.784790,167.230072,265.473785,1103.206055,60.626080,1283.074829,,,,,,,,,,,,,,,,,,,1902.676147,-454.598114,110.296600,,,,,,
262,2.183000,-3640.252441,201.056061,2685.028320,1732.818481,167.252106,265.461609,1103.211914,60.612141,1283.058472,,,,,,,,,,-5666.700684,3675.990723,-3700.356689,,,,,,,,,,,,,,,
263,2.191000,-3640.306152,201.241013,2685.075684,,,,1103.211914,60.651104,1283.121582,,,,,,,,,,-5666.662109,3675.975098,-3700.342529,,,,,,,1902.657593,-454.635254,110.298828,,,,,,
264,2.200000,-3640.316406,201.183670,2685.057129,,,,1103.198730,60.669064,1283.126831,,,,,,,,,,-5666.647949,3675.941650,-3700.348145,,,,-5715.207031,3664.975586,-3627.234863,,,,,,,,,
265,2.208000,-3640.263916,201.065170,2685.012451,,,,1103.215332,60.574078,1283.088623,,,,,,,,,,-5666.708984,3676.007080,-3700.364258,,,,,,,,,,,,,,,
266,2.216000,-3640.281982,201.144577,2685.020020,1732.798218,167.230774,265.462891,1103.223267,60.625946,1283.105713,,,,,,,,,,-5666.653320,3675.975342,-3700.352783,,,,,,,,,,,,,,,
267,2.225000,-3640.319824,201.300018,2685.049072,1733.364502,166.602432,265.428955,1103.185547,60.660480,1283.104858,,,,,,,,,,-5666.646973,3675.977783,-3700.360840,,,,,,,,,,,,,,,
268,2.233000,-3640.340088,201.258606,2685.070557,,,,1103.243408,60.708546,1283.095459,,,,,,,,,,-5666.659180,3675.988281,-3700.353516,,,,,,,,,,,,,,,
269,2.241000,-3640.287109,201.134659,2685.022949,,,,1103.192505,60.634216,1283.066040,,,,,,,,,,-5666.660156,3675.989258,-3700.346436,,,,,,,,,,,,,,,
270,2.250000,-3640.261230,201.110901,2685.039062,,,,1103.236206,60.621620,1283.068237,,,,,,,,,,-5666.615723,3675.958496,-3700.343994,,,,,,,,,,,,,,,
271,2.258000,-3640.281738,201.189514,2685.050537,1732.798340,167.215759,265.459717,1103.213257,60.682503,1283.102417,,,,,,,,,,-5666.622559,3675.979736,-3700.339600,,,,,,,,,,,,,,,
272,2.266000,-3640.297852,201.252686,2685.065186,1732.803101,167.256042,265.467865,1103.189575,60.682846,1283.131592,,,,,,,,,,-5666.608398,3675.953369,-3700.340088,,,,,,,,,,,,,,,
273,2.274000,-3640.275879,201.101212,2685.047852,1732.793945,167.251480,265.471161,1103.200073,60.621387,1283.099365,,,,,,,,,,-5666.601074,3675.957275,-3700.344482,,,,,,,,,,,,,,,
274,2.283000,-3640.255127,201.119217,2685.023193,,,,1103.213013,60.647480,1283.063232,,,,,,,,,,-5666.619141,3675.980225,-3700.342285,,,,,,,,,,,,,,,
275,2.291000,-3640.287842,201.206451,2685.040771,,,,1103.202881,60.667896,1283.086548,,,,,,,,,,-5666.626465,3675.986328,-3700.347168,,,,,,,,,,,,,,,
276,2.299000,-3640.274658,201.231674,2685.060791,1732.806030,167.217239,265.489197,1103.248047,60.711086,1283.064453,,,,,,,,,,-5666.620605,3675.966309,-3700.341553,,,,,,,,,,,,,,,
277,2.308000,-3640.241943,201.144943,2685.008789,1732.800415,167.230652,265.465027,1103.231079,60.663303,1283.064819,,,,,,,,,,-5666.618652,3675.972412,-3700.336670,,,,,,,,,,,,,,,
278,2.316000,-3640.272705,201.056961,2685.018311,1732.789551,167.242722,265.473053,1103.220703,60.643093,1283.080811,,,,,,,,,,-5666.574707,3675.948242,-3700.338623,,,,,,,,,,,,,,,
279,2.325000,-3640.305420,201.169556,2685.055664,,,,1103.222778,60.625195,1283.091431,,,,,,,,,,-5666.576172,3675.946533,-3700.321289,,,,,,,,,,,,,,,
280,2.333000,-3640.280029,201.248962,2685.073975,1732.796997,167.233398,265.487549,1103.200317,60.653805,1283.094238,,,,,,,,,,-5666.627441,3675.970215,-3700.333252,,,,,,,,,,,,,,,
281,2.341000,-3640.289062,201.178207,2685.034424,1733.337158,167.526382,265.999634,1103.184692,60.625164,1283.086182,,,,,,,,,,-5666.628418,3675.984131,-3700.344482,,,,,,,,,,,,,,,
282,2.350000,-3640.279297,201.097900,2685.027344,,,,1103.153076,60.568333,1283.068115,,,,,,,,,,-5666.623047,3675.988525,-3700.357666,,,,,,,,,,,,,,,
283,2.358000,-3640.273926,201.117935,2685.037109,,,,1103.217407,60.591564,1283.110962,,,,,,,,,,-5666.603027,3675.964355,-3700.339844,,,,,,,,,,,,,,,
284,2.366000,-3640.324951,201.282883,2685.094727,1732.825317,167.248306,265.487061,1103.212524,60.642765,1283.099731,,,,,,,,,,-5666.649414,3675.980713,-3700.354004,,,,,,,,,,,,,,,
285,2.375000,-3640.322021,201.229874,2685.022949,,,,1103.192993,60.622452,1283.105347,,,,,,,,,,-5666.627930,3675.962158,-3700.349365,,,,,,,,,,,,,,,
286,2.383000,-3640.316650,201.191574,2685.015625,,,,1103.223145,60.646027,1283.064575,,,,,,,,,,-5666.635742,3675.982666,-3700.341797,,,,,,,,,,,,,,,
287,2.391000,-3640.258789,201.093369,2685.039795,,,,1103.195312,60.603146,1283.066284,,,,,,,,,,-5666.642090,3675.972900,-3700.351318,,,,,,,,,,1902.680176,-454.570801,110.320480,,,
288,2.399000,-3640.307861,201.208923,2685.058594,1732.788452,167.205215,265.483429,1103.212402,60.638245,1283.097412,,,,,,,,,,,,,,,,,,,,,,,,,,,
289,2.408000,-3640.306641,201.223862,2685.079102,,,,1103.222656,60.687725,1283.083740,,,,,,,,,,-5714.319824,3665.283447,-3628.734131,,,,,,,,,,,,,,,
290,2.416000,-3640.271729,201.154099,2685.053467,1732.783691,167.226425,265.503174,1103.246948,60.649319,1283.102173,,,,,,,,,,-5670.529785,3675.093750,-3694.507080,,,,,,,,,,,,,,,
291,2.424000,-3640.271973,201.102341,2685.023438,,,,1103.208496,60.613506,1283.095825,,,,,,,,,,-5666.657227,3675.969727,-3700.351562,,,,,,,,,,,,,,,
292,2.433000,-3640.301025,201.186462,2685.054199,,,,1103.222412,60.665859,1283.106812,,,,,,,,,,,,,,,,,,,,,,,,,,,
293,2.441000,-3640.312744,201.269424,2685.079346,1732.774170,167.204865,265.477386,1103.191772,60.664501,1283.123779,,,,,,,,,,,,,,,,,,,,,,,,,,,
294,2.450000,-3640.312744,201.211868,2685.062744,,,,1103.238403,60.624004,1283.104126,,,,,,,,,,,,,,,,,,,,,,1902.685181,-454.587585,110.295265,,,
295,2.458000,-3640.271973,201.189957,2685.002686,,,,1103.216553,60.669319,1283.067993,,,,,,,,,,,,,,,,,,,,,,,,,,,
296,2.466000,-3640.305908,201.202423,2685.021729,,,,1103.154175,60.611328,1283.116089,,,,,,,,,,,,,,,,,,,,,,,,,,,
297,2.475000,-3640.302490,201.288040,2685.052246,,,,1103.227173,60.679672,1283.117554,,,,,,,,,,,,,,,,,,,,,,,,,-5715.255859,3664.996094,-3627.251709
298,2.483000,-3640.285400,201.210846,2685.055420,1733.397583,167.490768,266.030334,1103.216919,60.651863,1283.083252,,,,,,,,,,,,,,,,,,,,,,,,,-5668.623535,3675.517822,-3697.424072
299,2.491000,-3640.300537,201.165894,2685.045166,,,,1103.244019,60.643909,1283.086670,,,,,,,,,,,,,,,,,,,,,,,,,-5711.658691,3666.325439,-3633.115967
300,2.500000,-3640.320801,201.164841,2685.039551,1732.801392,167.255600,265.443146,1103.211914,60.676811,1283.099121,,,,,,,,,,,,,,,,,,,,,,,,,-5715.617188,3665.521729,-3627.299561
301,2.508000,-3640.256104,201.203186,2685.048340,,,,1103.206299,60.652779,1283.095093,,,,,,,,,,,,,,,,,,,,,,1902.673584,-454.610657,110.308540,-5715.567383,3665.472412,-3627.279541
302,2.516000,-3640.262695,201.202423,2685.005371,1733.377930,166.638107,265.435242,1103.205933,60.642460,1283.107544,,,,,,,,,,,,,,,,,,,,,,,,,-5715.300781,3665.054443,-3627.250977
303,2.524000,-3640.291260,201.152588,2685.019043,1732.857910,167.155396,265.468689,1103.162231,60.605663,1283.135620,,,,,,,,,,,,,,,,,,,,,,,,,,,
304,2.533000,-3640.282227,201.171982,2685.054443,,,,1103.195312,60.611744,1283.126465,,,,,,,,,,,,,,,,,,,,,,,,,-5715.582520,3665.494629,-3627.270020
305,2.541000,-3640.289307,201.199341,2685.036621,,,,1103.228882,60.670658,1283.095703,,,,,,,,,,,,,,,,,,,,,,,,,-5715.580078,3665.490967,-3627.272217
306,2.549000,-3640.323486,201.208527,2685.049072,1732.792114,167.187897,265.500244,1103.189819,60.683395,1283.112061,,,,,,,,,,,,,,,,,,,,,,,,,-5715.603027,3665.512207,-3627.279785
307,2.558000,-3640.296631,201.155930,2685.029785,,,,1103.183228,60.687988,1283.097046,,,,,,,,,,,,,,,,,,,,,,,,,-5715.594727,3665.501709,-3627.277100
308,2.566000,-3640.293701,201.188644,2685.038574,,,,1103.192383,60.638458,1283.090942,,,,,,,,,,,,,,,,,,,,,,,,,-5715.579590,3665.485352,-3627.264404
309,2.575000,-3640.294189,201.204300,2685.069824,,,,1103.197021,60.655594,1283.086670,,,,,,,,,,,,,,,,,,,,,,,,,-5715.576660,3665.474609,-3627.265869
310,2.583000,-3640.264160,201.182556,2685.031494,1732.797485,167.190979,265.459839,1103.198364,60.652042,1283.130493,,,,,,,,,,,,,,,,,,,,,,,,,-5715.575195,3665.482910,-3627.262207
311,2.591000,-3640.263916,201.184677,2685.023438,,,,1103.199341,60.682171,1283.085693,,,,,,,,,,,,,,,,,,,,,,,,,-5715.270020,3665.029541,-3627.228271
312,2.600000,-3640.274658,201.175751,2685.018799,1732.789795,167.175613,265.487701,1103.182373,60.586452,1283.109253,,,,,,,,,,,,,,,,,,,,,,1902.654663,-454.673920,110.312614,-5715.588379,3665.492188,-3627.269043
313,2.608000,-3640.322754,201.208939,2685.065918,1732.805542,167.205536,265.484650,1103.215698,60.690819,1283.067383,,,,,,,,,,,,,,,,,,,,,,,,,-5715.582520,3665.481934,-3627.265625
314,2.616000,-3640.271240,201.164581,2685.062012,1732.792114,167.225327,265.466919,1103.247925,60.733776,1283.057495,,,,,,,,,,,,,,,,,,,,,,,,,-5715.580078,3665.494873,-3627.270996
315,2.625000,-3640.282959,201.167160,2685.076904,1732.812134,167.282166,265.441254,1103.197632,60.653923,1283.041748,,,,,,,,,,,,,,,,,,,,,,,,,,,
316,2.633000,-3640.278076,201.209274,2685.037354,1732.785767,167.199036,265.474670,1103.214355,60.675327,1283.079590,,,,,,,,,,,,,,,,,,,,,,,,,-5715.563477,3665.464355,-3627.264648
317,2.641000,-3640.347656,201.253387,2685.048828,1732.781616,167.231400,265.451965,1103.205566,60.671722,1283.094604,,,,,,,,,,,,,,,,,,,,,,1902.682617,-454.622345,110.286987,-5715.579590,3665.481934,-3627.270752
318,2.649000,-3640.292969,201.168884,2685.052246,1732.778687,167.188797,265.495941,1103.216431,60.662830,1283.076538,,,,,,,,,,,,,,,,,,,,,,,,,-5715.315918,3665.074463,-3627.253662
319,2.658000,-3640.278564,201.167999,2685.014404,1732.803467,167.208389,265.480957,1103.191650,60.636726,1283.082764,,,,,,,,,,,,,,,,,,,,,,,,,-5715.577637,3665.475098,-3627.273438
320,2.666000,-3640.278564,201.148575,2685.022949,,,,1103.189209,60.658607,1283.072021,,,,,,,,,,,,,,,,,,,,,,,,,-5715.572754,3665.477783,-3627.277100
321,2.674000,-3640.303955,201.155167,2685.048340,,,,1103.206665,60.689346,1283.069824,,,,,,,,,,,,,,,,,,,,,,,,,-5715.290527,3665.049561,-3627.249268
322,2.683000,-3640.299561,201.180756,2685.023193,1732.812378,167.197922,265.468903,1103.203735,60.674267,1283.075684,,,,,,,,,,,,,,,,,,,,,,1902.694946,-454.670685,110.307846,,,
323,2.691000,-3640.300293,201.190002,2685.038574,1732.796631,167.241089,265.472626,1103.192749,60.664482,1283.093506,,,,,,,,,,,,,,,,,,,,,,,,,,,
324,2.700000,-3640.280518,201.147675,2684.997803,1732.776245,167.243866,265.469788,1103.201050,60.665249,1283.059204,,,,,,,,,,,,,,,,,,,,,,,,,,,
325,2.708000,-3640.286621,201.175720,2685.009033,1732.813843,167.205368,265.442657,1103.183716,60.670624,1283.097778,,,,,,,,,,,,,,,,,,,,,,,,,-5715.266602,3665.023193,-3627.267822
326,2.716000,-3640.304688,201.182587,2685.006836,1732.799927,167.224274,265.468018,1103.243530,60.694767,1283.073486,,,,,,,,,,,,,,,,,,,,,,,,,-5715.568848,3665.468262,-3627.291748
327,2.725000,-3640.248047,201.088669,2684.984131,1732.808105,167.263275,265.470551,1103.241455,60.687782,1283.054077,,,,,,,,,,,,,,,,,,,,,,,,,,,
328,2.733000,-3640.284180,201.120819,2685.025879,,,,1103.175049,60.689724,1283.078613,,,,,,,,,,,,,,,,,,,,,,,,,,,
329,2.741000,-3640.269287,201.171783,2685.016846,1733.356201,166.630829,265.411285,1103.177368,60.693977,1283.091064,,,,,,,,,,,,,,,,,,,,,,,,,,,
330,2.750000,-3640.238770,201.127762,2685.043701,1732.804199,167.198242,265.476379,1103.190308,60.675503,1283.077271,,,,,,,,,,,,,,,,,,,,,,,,,-5715.254883,3665.023926,-3627.278564
331,2.758000,-3640.272461,201.050217,2685.020996,,,,1103.224609,60.654785,1283.080322,,,,,,,,,,,,,,,,,,,,,,,,,-5715.564453,3665.477295,-3627.300293
332,2.766000,-3640.296631,201.084183,2685.038818,,,,1103.199341,60.656448,1283.083008,,,,,,,,,,,,,,,,,,,,,,,,,,,
333,2.774000,-3640.289307,201.123199,2685.071777,,,,1103.215454,60.667156,1283.093262,,,,,,,,,,,,,,,,,,,,,,1902.681030,-454.579651,110.272476,,,
334,2.783000,-3640.275391,201.121704,2685.060303,1733.395264,167.534775,266.021484,1103.247437,60.691818,1283.062866,,,,,,,,,,,,,,,,,,,,,,,,,,,
335,2.791000,-3640.293945,201.131882,2685.000244,,,,1103.279053,60.678421,1283.098511,,,,,,,,,,,,,,,,,,,,,,,,,,,
336,2.799000,-3640.323730,201.093430,2685.005859,,,,1103.230957,60.636257,1283.103882,,,,,,,,,,,,,,,,,,,,,,,,,,,
337,2.808000,-3640.295898,201.183975,2685.063477,,,,1103.225952,60.666039,1283.078613,,,,,,,,,,,,,,,,,,,,,,,,,,,
338,2.816000,-3640.283936,201.210297,2685.039307,1732.848389,167.175125,265.486298,1103.182007,60.628803,1283.135132,,,,,,,,,,,,,,,,,,,,,,,,,,,
339,2.825000,-3640.287842,201.081161,2684.997070,1732.818237,167.199890,265.461121,1103.235962,60.614109,1283.110596,,,,,,,,,,,,,,,,,,,,,,,,,,,
340,2.833000,-3640.256104,201.021072,2685.027832,,,,1103.216797,60.611248,1283.078613,,,,,,,,,,,,,,,,,,,,,,,,,,,
341,2.841000,-3640.284180,201.130920,2685.048340,1732.791260,167.216415,265.499298,1103.247559,60.617599,1283.097900,,,,,,,,,,,,,,,,,,,,,,,,,,,
342,2.850000,-3640.328857,201.269684,2685.052979,1732.790039,167.226456,265.475433,1103.146118,60.638905,1283.174438,,,,,,,,,,,,,,,,,,,,,,1902.700684,-454.581329,110.288322,,,
343,2.858000,-3640.273682,201.090408,2685.036621,,,,1103.214111,60.623108,1283.092407,,,,,,,,,,,,,,,,,,,,,,,,,,,
344,2.866000,-3640.242188,200.985931,2685.011963,,,,1103.237793,60.599312,1283.083618,,,,,,,,,,,,,,,,,,,,,,,,,,,
345,2.875000,-3640.308105,201.123886,2685.010498,,,,1103.219238,60.641171,1283.107056,,,,,,,,,,,,,,,,,,,,,,,,,,,
346,2.883000,-3640.307129,201.233078,2685.075195,1732.789673,167.249176,265.484406,1103.216064,60.662342,1283.132446,,,,,,,,,,,,,,,,,,,,,,1902.688721,-454.554657,110.277641,,,
347,2.891000,-3640.271240,201.223358,2685.062988,,,,1103.259277,60.699200,1283.079468,,,,,,,,,,,,,,,,,,,,,,,,,,,
348,2.899000,-3640.248779,201.059937,2685.000000,,,,1103.187744,60.592491,1283.074829,,,,,,,,,,,,,,,,,,,,,,,,,-5715.304199,3665.067383,-3627.289795
349,2.908000,-3640.266113,201.033997,2685.012695,,,,1103.253784,60.655212,1283.101440,,,,,,,,,,,,,,,,,,,,,,,,,,,
350,2.916000,-3640.329590,201.193832,2685.085205,1732.791016,167.262314,265.512482,1103.198608,60.661415,1283.119751,,,,,,,,,,,,,,,,,,,,,,,,,,,
351,2.924000,-3640.293701,201.212418,2685.086182,,,,1103.180664,60.630936,1283.139160,,,,,,,,,,,,,,,,,,,,,,,,,-5715.587402,3665.498535,-3627.295166
352,2.933000,-3640.265625,201.017303,2685.018555,1732.776733,167.245850,265.491577,1103.224365,60.620792,1283.067505,,,,,,,,,,,,,,,,,,,,,,,,,,,
353,2.941000,-3640.286865,201.038773,2684.992676,,,,1103.204956,60.612541,1283.069458,,,,,,,,,,,,,,,,,,,,,,,,,-5715.287598,3665.052246,-3627.269287
354,2.950000,-3640.292480,201.182724,2685.063721,,,,1103.244873,60.679199,1283.079590,,,,,,,,,,,,,,,,,,,,,,,,,,,
355,2.958000,-3640.320801,201.256424,2685.069824,1732.791748,167.227432,265.466187,1103.228760,60.678280,1283.107544,,,,,,,,,,,,,,,,,,,,,,1902.673218,-454.568451,110.289848,-5715.260254,3665.005859,-3627.256836
356,2.966000,-3640.309326,201.138092,2685.014404,1732.777710,167.224548,265.468750,1103.225708,60.634701,1283.095703,,,,,,,,,,,,,,,,,,,,,,,,,-5715.262207,3665.004639,-3627.255859
357,2.975000,-3640.268555,201.072632,2684.968506,1732.795654,167.200562,265.441833,1103.208740,60.613514,1283.039307,,,,,,,,,,,,,,,,,,,,,,1902.686768,-454.529541,110.236557,-5715.589355,3665.492920,-3627.288086
358,2.983000,-3640.271973,201.152618,2685.016113,1732.797974,167.211670,265.495697,1103.229370,60.682980,1283.069336,,,,,,,,,,,,,,,,,,,,,,,,,,,
359,2.991000,-3640.310303,201.245071,2685.065918,,,,1103.277344,60.728207,1283.066040,,,,,,,,,,,,,,,,,,,,,,,,,,,
360,3.000000,-3640.291992,201.155899,2685.051025,1732.821411,167.259659,265.445343,1103.170654,60.670258,1283.109375,,,,,,,,,,,,,,,,,,,,,,,,,-5715.284668,3665.033447,-3627.247803
361,3.008000,-3640.223145,200.971710,2685.041504,,,,1103.212891,60.673119,1283.039673,,,,,,,,,,,,,,,,,,,,,,,,,-5715.551758,3665.450195,-3627.269531
362,3.016000,-3640.216309,201.003723,2685.015381,1732.810547,167.231445,265.467010,1103.198242,60.619171,1283.068359,,,,,,,,,,,,,,,,,,,,,,,,,-5715.327637,3665.080078,-3627.261963
363,3.024000,-3640.218018,201.080582,2685.044678,,,,1103.202881,60.696819,1283.093872,,,,,,,,,,,,,,,,,,,,,,,,,-5715.265137,3665.003418,-3627.242920
364,3.033000,-3640.285400,201.186707,2685.046631,,,,1103.161621,60.673370,1283.071533,,,,,,,,,,,,,,,,,,,,,,,,,-5715.552246,3665.451172,-3627.271240
365,3.041000,-3640.262207,201.075943,2685.027832,,,,1103.218628,60.650543,1283.041870,,,,,,,,,,,,,,,,,,,,,,,,,-5715.275391,3665.036865,-3627.239990
366,3.049000,-3640.272461,201.092117,2685.024170,1732.815430,167.242920,265.474854,1103.233276,60.678890,1283.048462,,,,,,,,,,,,,,,,,,,,,,,,,,,
367,3.058000,-3640.276611,201.135178,2685.044922,1732.811890,167.212830,265.460815,1103.186646,60.669048,1283.084717,,,,,,,,,,,,,,,,,,,,,,,,,-5715.607422,3665.509766,-3627.292236
368,3.066000,-3640.286621,201.173462,2685.042969,1732.816650,167.223328,265.484222,1103.206421,60.694572,1283.077637,,,,,,,,,,,,,,,,,,,,,,,,,,,
